{
    "0": {
        "noise_level": [
            0,
            0.05,
            0.1,
            0.15,
            0.2,
            0.25,
            0.3
        ],
        "roc_auc": [
            0.9630929628234627,
            0.9097191943937377,
            0.8496316589804822,
            0.8037137881764103,
            0.7699733042614179,
            0.7418766212900938,
            0.7145034033256259
        ]
    },
    "1": {
        "noise_level": [
            0,
            0.05,
            0.1,
            0.15,
            0.2,
            0.25,
            0.3
        ],
        "roc_auc": [
            0.9493307075909199,
            0.8988263103167127,
            0.8420448509981545,
            0.7944793163701339,
            0.7611882294468546,
            0.7301552292363693,
            0.7122911439053594
        ]
    },
    "3": {
        "noise_level": [
            0,
            0.05,
            0.1,
            0.15,
            0.2,
            0.25,
            0.3
        ],
        "roc_auc": [
            0.9472837493435302,
            0.894064053138949,
            0.8302524691244011,
            0.7832929570782877,
            0.7480140318120603,
            0.7173057756165195,
            0.6951792297182713
        ]
    },
    "5": {
        "noise_level": [
            0,
            0.05,
            0.1,
            0.15,
            0.2,
            0.25,
            0.3
        ],
        "roc_auc": [
            0.9460937763137764,
            0.8931720444621445,
            0.8324842054587122,
            0.7899994276606414,
            0.7543721207085836,
            0.7267161250119571,
            0.7107251565696051
        ]
    },
    "8": {
        "noise_level": [
            0,
            0.05,
            0.1,
            0.15,
            0.2,
            0.25,
            0.3
        ],
        "roc_auc": [
            0.952547242915764,
            0.9048462829243857,
            0.8477584411947525,
            0.8017930911670437,
            0.7661195213201473,
            0.7436569685385036,
            0.7131178602144381
        ]
    },
    "10": {
        "noise_level": [
            0,
            0.05,
            0.1,
            0.15,
            0.2,
            0.25,
            0.3
        ],
        "roc_auc": [
            0.9590000297899346,
            0.9047059987181532,
            0.8401943841027143,
            0.7906201367308614,
            0.7595523571834109,
            0.7309858930073887,
            0.7078570062514089
        ]
    },
    "15": {
        "noise_level": [
            0,
            0.05,
            0.1,
            0.15,
            0.2,
            0.25,
            0.3
        ],
        "roc_auc": [
            0.9348089973439347,
            0.8842267477410765,
            0.82609996535465,
            0.7781336538629385,
            0.7457472100540508,
            0.7180231614844126,
            0.6951713714249209
        ]
    },
    "42": {
        "noise_level": [
            0,
            0.05,
            0.1,
            0.15,
            0.2,
            0.25,
            0.3
        ],
        "roc_auc": [
            0.9607911663096945,
            0.9212547821398873,
            0.8694509151017125,
            0.8288383542099138,
            0.7928465759094585,
            0.7626982377182157,
            0.7452905877756522
        ]
    },
    "69": {
        "noise_level": [
            0,
            0.05,
            0.1,
            0.15,
            0.2,
            0.25,
            0.3
        ],
        "roc_auc": [
            0.9532455357077803,
            0.9008013469518998,
            0.8324106766473528,
            0.7873390695412799,
            0.7549702172540056,
            0.7273416882287955,
            0.7022967159011715
        ]
    },
    "101": {
        "noise_level": [
            0,
            0.05,
            0.1,
            0.15,
            0.2,
            0.25,
            0.3
        ],
        "roc_auc": [
            0.9443241823992771,
            0.9120960001200318,
            0.8671388255442076,
            0.8373896495603976,
            0.8049290778055513,
            0.7777234241969131,
            0.7577713314062118
        ]
    }
}